title,imageId
Awesome Metal Keyboard,0
Gorgeous Metal Salad,1
Tasty Soft Bike,2
Incredible Steel Hat,3
Intelligent Plastic Mouse,4
Intelligent Steel Bike,5
Generic Steel Keyboard,6
Sleek Wooden Car,7
Gorgeous Plastic Salad,8
Tasty Concrete Bacon,9
Handmade Wooden Sausages,10
Intelligent Concrete Shoes,11
Practical Concrete Shoes,12
Practical Fresh Table,13
Rustic Metal Gloves,14
Small Steel Shoes,15
Tasty Fresh Chair,16
Unbranded Cotton Hat,17
Handcrafted Fresh Shirt,18
Rustic Steel Salad,19
Ergonomic Fresh Table,20
Rustic Granite Hat,21
Sleek Granite Chair,22
Refined Fresh Shoes,23
Sleek Metal Car,24
Intelligent Rubber Table,25
Generic Granite Towels,26
Intelligent Concrete Computer,27
Unbranded Metal Computer,28
Licensed Granite Keyboard,29
Practical Fresh Bacon,30
Intelligent Fresh Mouse,31
Practical Rubber Chair,32
Tasty Fresh Towels,33
Awesome Frozen Salad,34
Small Cotton Tuna,35
Tasty Fresh Chicken,36
Sleek Plastic Gloves,37
Sleek Wooden Chicken,38
Fantastic Metal Salad,39
Licensed Metal Keyboard,40
Rustic Plastic Hat,41
Generic Wooden Gloves,42
Ergonomic Frozen Bacon,43
Generic Cotton Fish,44
Small Steel Car,45
Fantastic Cotton Pizza,46
Incredible Cotton Shoes,47
Sleek Concrete Computer,48
Generic Concrete Salad,49